[
  {
    "id": "6de57b78-4c83-4b33-8f5f-8d0fd76310ea",
    "data": [
      {
        "text": "I go by ",
        "userDefined": false
      },
      {
        "text": "$name",
        "alias": "name",
        "meta": "@sys.given-name",
        "userDefined": true
      }
    ],
    "isTemplate": false,
    "count": 0,
    "updated": 0
  },
  {
    "id": "9be3a431-03d2-4b84-94f7-fc713800a129",
    "data": [
      {
        "text": "they call me $",
        "userDefined": false
      },
      {
        "text": "name",
        "alias": "name",
        "meta": "@sys.given-name",
        "userDefined": true
      }
    ],
    "isTemplate": false,
    "count": 0,
    "updated": 0
  },
  {
    "id": "ec361bd8-e889-4ada-a2c3-db7f8a7116c0",
    "data": [
      {
        "text": "i am ",
        "userDefined": false
      },
      {
        "text": "name",
        "alias": "name",
        "meta": "@sys.given-name",
        "userDefined": true
      }
    ],
    "isTemplate": false,
    "count": 0,
    "updated": 0
  },
  {
    "id": "d0c10e27-5643-4050-8969-4a7bd8cd4b4a",
    "data": [
      {
        "text": "$name",
        "alias": "name",
        "meta": "@sys.given-name",
        "userDefined": true
      },
      {
        "text": " is my name",
        "userDefined": false
      }
    ],
    "isTemplate": false,
    "count": 0,
    "updated": 0
  },
  {
    "id": "6ca7aecc-07f3-4af5-a5e9-0c2b5944a5d6",
    "data": [
      {
        "text": "$name",
        "alias": "name",
        "meta": "@sys.given-name",
        "userDefined": true
      }
    ],
    "isTemplate": false,
    "count": 0,
    "updated": 0
  },
  {
    "id": "78d87c21-2284-4648-9394-2bdb262b9da9",
    "data": [
      {
        "text": "My name is $",
        "userDefined": false
      },
      {
        "text": "name",
        "alias": "name",
        "meta": "@sys.given-name",
        "userDefined": true
      }
    ],
    "isTemplate": false,
    "count": 0,
    "updated": 0
  }
]