[
  {
    "id": "b8456fe1-dea1-41c3-b618-b1a7d5fc2b7f",
    "data": [
      {
        "text": "testing",
        "alias": "answer_after_practice",
        "meta": "@answer_after_practice",
        "userDefined": false
      }
    ],
    "isTemplate": false,
    "count": 0,
    "updated": 0
  },
  {
    "id": "8417ebda-1e0d-4bfc-a442-965f18897322",
    "data": [
      {
        "text": "test",
        "alias": "answer_after_practice",
        "meta": "@answer_after_practice",
        "userDefined": false
      },
      {
        "text": " it",
        "userDefined": false
      }
    ],
    "isTemplate": false,
    "count": 0,
    "updated": 0
  },
  {
    "id": "75d692a7-bc64-4215-92c0-268f13581010",
    "data": [
      {
        "text": "test",
        "alias": "answer_after_practice",
        "meta": "@answer_after_practice",
        "userDefined": false
      }
    ],
    "isTemplate": false,
    "count": 0,
    "updated": 0
  },
  {
    "id": "884819af-87d8-46af-8d9a-c6e3668fe982",
    "data": [
      {
        "text": "practice",
        "alias": "answer_after_practice",
        "meta": "@answer_after_practice",
        "userDefined": false
      },
      {
        "text": " ",
        "userDefined": false
      },
      {
        "text": "again",
        "alias": "answer_after_practice",
        "meta": "@answer_after_practice",
        "userDefined": false
      }
    ],
    "isTemplate": false,
    "count": 0,
    "updated": 0
  },
  {
    "id": "f25b2478-3c04-4dff-a4fc-bc8ae5f9b50b",
    "data": [
      {
        "text": "practice",
        "alias": "answer_after_practice",
        "meta": "@answer_after_practice",
        "userDefined": false
      }
    ],
    "isTemplate": false,
    "count": 0,
    "updated": 0
  },
  {
    "id": "dff82803-6b48-47f2-b3b7-0780542824c9",
    "data": [
      {
        "text": "quit",
        "alias": "answer_after_practice",
        "meta": "@answer_after_practice",
        "userDefined": false
      }
    ],
    "isTemplate": false,
    "count": 0,
    "updated": 0
  },
  {
    "id": "ca48d2c7-0029-432f-9dc9-b8df6b52ab01",
    "data": [
      {
        "text": "stop",
        "alias": "answer_after_practice",
        "meta": "@answer_after_practice",
        "userDefined": false
      }
    ],
    "isTemplate": false,
    "count": 0,
    "updated": 0
  }
]