[
  {
    "id": "5e3ac4f2-fb20-4b75-89c9-3538a0a7034e",
    "data": [
      {
        "text": "hé",
        "userDefined": false
      }
    ],
    "isTemplate": false,
    "count": 0,
    "updated": 0
  },
  {
    "id": "f768ff0a-a681-4c58-81cd-978de22a4f31",
    "data": [
      {
        "text": "hoi",
        "userDefined": false
      }
    ],
    "isTemplate": false,
    "count": 0,
    "updated": 0
  },
  {
    "id": "62447940-45ca-4c5a-8026-a500bad9f42f",
    "data": [
      {
        "text": "hé hoi",
        "userDefined": false
      }
    ],
    "isTemplate": false,
    "count": 0,
    "updated": 0
  },
  {
    "id": "1dd7d531-66ff-48ce-ade5-6fdc992293ea",
    "data": [
      {
        "text": "hé hallo",
        "userDefined": false
      }
    ],
    "isTemplate": false,
    "count": 0,
    "updated": 0
  },
  {
    "id": "6da103c2-89d7-46a4-bed1-87eed9373d1a",
    "data": [
      {
        "text": "gegroet",
        "userDefined": false
      }
    ],
    "isTemplate": false,
    "count": 0,
    "updated": 0
  },
  {
    "id": "b1456a80-cace-40a2-a99d-0c2b675a6643",
    "data": [
      {
        "text": "ik begroet je",
        "userDefined": false
      }
    ],
    "isTemplate": false,
    "count": 0,
    "updated": 0
  },
  {
    "id": "0472c6d0-4599-4226-b854-42d6bf7220fc",
    "data": [
      {
        "text": "lang niet gezien",
        "userDefined": false
      }
    ],
    "isTemplate": false,
    "count": 0,
    "updated": 0
  },
  {
    "id": "9bd16010-ef13-43b5-8b7d-7a839d30871c",
    "data": [
      {
        "text": "goeiedag",
        "userDefined": false
      }
    ],
    "isTemplate": false,
    "count": 0,
    "updated": 0
  },
  {
    "id": "0dbd87b6-cb56-4f0a-b5c6-ddd9b3d325c3",
    "data": [
      {
        "text": "goedendag",
        "userDefined": false
      }
    ],
    "isTemplate": false,
    "count": 0,
    "updated": 0
  },
  {
    "id": "37120269-14a1-4884-b363-38803deeba31",
    "data": [
      {
        "text": "hallo",
        "userDefined": false
      }
    ],
    "isTemplate": false,
    "count": 0,
    "updated": 0
  }
]