[
  {
    "value": "one",
    "synonyms": [
      "Level 1",
      "one",
      "1",
      "first one",
      "the first level",
      "level number 1",
      "the easiest",
      "level number one",
      "first",
      "number 1",
      "the begin",
      "the first one",
      "the lowest level",
      "level one"
    ]
  },
  {
    "value": "two",
    "synonyms": [
      "Level 2",
      "two",
      "2",
      "second",
      "the second",
      "second one",
      "the second one",
      "the second level",
      "level number two",
      "number two",
      "level two"
    ]
  },
  {
    "value": "three",
    "synonyms": [
      "Level 3",
      "three",
      "3",
      "the third",
      "third level",
      "the third level",
      "level number three",
      "the third one",
      "level three"
    ]
  },
  {
    "value": "four",
    "synonyms": [
      "Level 4",
      "four",
      "4",
      "the fourth one",
      "the fourth",
      "fourth",
      "level number four",
      "level four"
    ]
  },
  {
    "value": "five",
    "synonyms": [
      "Level 5",
      "five",
      "5",
      "the fifth",
      "level number 5",
      "the fifth level",
      "the fifth one",
      "the hardest",
      "the hardest one",
      "the last level",
      "the final level",
      "the highest level",
      "level five"
    ]
  }
]