[
  {
    "value": "Level 1",
    "synonyms": [
      "one",
      "Level 1",
      "first level",
      "first one",
      "first",
      "number 1",
      "1",
      "the begin",
      "the easiest",
      "the first one",
      "the lowest",
      "the lowest level"
    ]
  },
  {
    "value": "Level 2",
    "synonyms": [
      "two",
      "Level 2",
      "2",
      "second",
      "the second",
      "second one",
      "the second one",
      "the second level"
    ]
  },
  {
    "value": "Level 3",
    "synonyms": [
      "three",
      "Level 3",
      "the third",
      "third level",
      "the third level",
      "level number three",
      "3"
    ]
  },
  {
    "value": "Level 4",
    "synonyms": [
      "Level 4",
      "four",
      "4",
      "the fourth one",
      "the fourth",
      "fourth",
      "level number four"
    ]
  },
  {
    "value": "Level 5",
    "synonyms": [
      "Level 5",
      "five",
      "5",
      "the fifth",
      "level number 5",
      "the fith level",
      "the fifth one",
      "the hardest",
      "the hardest one",
      "the last level",
      "the final level",
      "the highest level"
    ]
  }
]